id,email
1,1@qq.com
2,2@qq.com
3,3@qq.com
4,4@qq.com
5,5@qq.com
6,6@qq.com
7,7@qq.com
8,8@qq.com
9,9@qq.com
10,10@qq.com
11,11@qq.com
12,12@qq.com
13,13@qq.com
14,14@qq.com
15,15@qq.com
16,16@qq.com
17,17@qq.com
18,18@qq.com
19,19@qq.com
20,20@qq.com
21,21@qq.com
22,22@qq.com
23,23@qq.com
24,24@qq.com
25,25@qq.com
26,26@qq.com
27,27@qq.com
28,28@qq.com
29,29@qq.com
30,30@qq.com
31,31@qq.com
32,32@qq.com
33,33@qq.com
34,34@qq.com
35,35@qq.com
36,36@qq.com
37,37@qq.com
38,38@qq.com
39,39@qq.com
40,40@qq.com
41,41@qq.com
42,42@qq.com
43,43@qq.com
44,44@qq.com
45,45@qq.com
46,46@qq.com
